,"MWR_I:(m,n)=(20,10)","MWR_I:(m,n)=(20,20)","MWR_I:(m,n)=(40,20)"
0.25,0,0,0.00995512
0.5,0,0,0.00995512
0.75,0,0,0.019820957
1,0,0,0.06783566
1.25,0.00995512,0.01995512,0.203523853
1.5,0.029598223,0.039598223,0.541417659
1.75,0.122652735,0.222652735,0.855698078
2,0.296072353,0.396072353,0.987341798
